[
  {
    "id": "ade0b4a1-f883-4bbc-a370-4f87e6179a6b",
    "data": [
      {
        "text": "Bachelors",
        "userDefined": false
      }
    ],
    "isTemplate": false,
    "count": 0,
    "updated": 0
  },
  {
    "id": "bb451de2-91f3-4517-b199-f68a331b85ec",
    "data": [
      {
        "text": "Bachelor Degree",
        "userDefined": false
      }
    ],
    "isTemplate": false,
    "count": 0,
    "updated": 0
  },
  {
    "id": "047a8382-9393-4278-bb92-66139b16ce78",
    "data": [
      {
        "text": "Bachelor Degree Courses",
        "userDefined": false
      }
    ],
    "isTemplate": false,
    "count": 0,
    "updated": 0
  },
  {
    "id": "b822cf1b-d77c-44e1-a1fb-4df1177f67fb",
    "data": [
      {
        "text": "Bachelor",
        "userDefined": false
      }
    ],
    "isTemplate": false,
    "count": 0,
    "updated": 0
  }
]