[
  {
    "id": "e5e34afc-7475-4068-9365-be930828981b",
    "data": [
      {
        "text": "Art",
        "userDefined": false
      }
    ],
    "isTemplate": false,
    "count": 0,
    "updated": 0
  },
  {
    "id": "d743d480-5c13-46f3-be90-10613c0539db",
    "data": [
      {
        "text": "Film",
        "userDefined": false
      }
    ],
    "isTemplate": false,
    "count": 0,
    "updated": 0
  },
  {
    "id": "13b12f34-3ed5-4337-9b5b-837d2af9b14f",
    "data": [
      {
        "text": "I am interested in Film ",
        "userDefined": false
      },
      {
        "text": "Art",
        "meta": "@sys.ignore",
        "userDefined": false
      }
    ],
    "isTemplate": false,
    "count": 0,
    "updated": 0
  },
  {
    "id": "4a3d40dc-4959-4a2c-9fae-560c30934d55",
    "data": [
      {
        "text": "Film Art",
        "userDefined": false
      }
    ],
    "isTemplate": false,
    "count": 0,
    "updated": 0
  }
]