[
  {
    "id": "894e3579-0798-4651-a1a9-146d30688bac",
    "data": [
      {
        "text": "I am interested in Interior Design",
        "userDefined": false
      }
    ],
    "isTemplate": false,
    "count": 0,
    "updated": 0
  },
  {
    "id": "fe65b883-cb61-4e34-92c5-5671236faab1",
    "data": [
      {
        "text": "Design",
        "userDefined": false
      }
    ],
    "isTemplate": false,
    "count": 0,
    "updated": 0
  },
  {
    "id": "8b2f05ca-eb2b-47e5-a064-53be9f257ef3",
    "data": [
      {
        "text": "Interior",
        "userDefined": false
      }
    ],
    "isTemplate": false,
    "count": 0,
    "updated": 0
  },
  {
    "id": "47e07e5b-3a5f-447d-bcff-16942d54a5b2",
    "data": [
      {
        "text": "Interior Design",
        "userDefined": false
      }
    ],
    "isTemplate": false,
    "count": 0,
    "updated": 0
  }
]