[
  {
    "id": "31a10e69-054e-444e-b541-d27ad610a663",
    "data": [
      {
        "text": "Effects",
        "userDefined": false
      }
    ],
    "isTemplate": false,
    "count": 0,
    "updated": 0
  },
  {
    "id": "419a986a-ed28-426d-a9ba-23aeba4fe71f",
    "data": [
      {
        "text": "Visual",
        "userDefined": false
      }
    ],
    "isTemplate": false,
    "count": 0,
    "updated": 0
  },
  {
    "id": "18f07796-fc4d-4f46-bde6-4b7e62891753",
    "data": [
      {
        "text": "I am interested in Visual Effects",
        "userDefined": false
      }
    ],
    "isTemplate": false,
    "count": 0,
    "updated": 0
  },
  {
    "id": "688db70a-e7f2-423d-bf52-fb0f1101b1e6",
    "data": [
      {
        "text": "Visual Effects",
        "userDefined": false
      }
    ],
    "isTemplate": false,
    "count": 0,
    "updated": 0
  }
]