[
  {
    "id": "7fef7aee-86a4-4d0f-9df9-fe621e78d395",
    "data": [
      {
        "text": "Retail",
        "userDefined": false
      }
    ],
    "isTemplate": false,
    "count": 0,
    "updated": 0
  },
  {
    "id": "c14a7faa-72b6-4bce-98d7-ac19de356f5a",
    "data": [
      {
        "text": "I am interested in Retail Management",
        "userDefined": false
      }
    ],
    "isTemplate": false,
    "count": 0,
    "updated": 0
  },
  {
    "id": "2240dd34-80b3-46f3-900a-6f5a3f7b45fa",
    "data": [
      {
        "text": "Retail ManagementI am",
        "userDefined": false
      }
    ],
    "isTemplate": false,
    "count": 0,
    "updated": 0
  }
]