[
  {
    "id": "e5dec635-9c6d-4df2-8dd0-6b6bc4bbcbdc",
    "data": [
      {
        "text": "Tell me about Animation",
        "userDefined": false
      }
    ],
    "isTemplate": false,
    "count": 0,
    "updated": 0
  },
  {
    "id": "6a17cc8a-84f4-470a-aaf6-c55ce385a54d",
    "data": [
      {
        "text": "I am interested in Animation",
        "userDefined": false
      }
    ],
    "isTemplate": false,
    "count": 0,
    "updated": 0
  },
  {
    "id": "40c42183-e382-433f-96cd-5ae94375574a",
    "data": [
      {
        "text": "Animation",
        "userDefined": false
      }
    ],
    "isTemplate": false,
    "count": 0,
    "updated": 0
  }
]