[
  {
    "id": "d43c52de-bc69-4dca-8aab-6d76cdd6d535",
    "data": [
      {
        "text": "I am interested in Paint",
        "userDefined": false
      }
    ],
    "isTemplate": false,
    "count": 0,
    "updated": 0
  },
  {
    "id": "7757308e-e669-49a8-b44b-be02310c3d20",
    "data": [
      {
        "text": "I am interested in Paint Technology",
        "userDefined": false
      }
    ],
    "isTemplate": false,
    "count": 0,
    "updated": 0
  },
  {
    "id": "ed2cc38e-4e4c-409d-ac31-c0472fabe7f9",
    "data": [
      {
        "text": "Paint",
        "userDefined": false
      }
    ],
    "isTemplate": false,
    "count": 0,
    "updated": 0
  },
  {
    "id": "74c73467-a7ee-41b7-b492-ce650dc76c58",
    "data": [
      {
        "text": "Paint Technology",
        "userDefined": false
      }
    ],
    "isTemplate": false,
    "count": 0,
    "updated": 0
  }
]