[
  {
    "id": "c1971a2e-64fe-42c4-99e3-ca24025896bb",
    "data": [
      {
        "text": "What do I call you?",
        "userDefined": false
      }
    ],
    "isTemplate": false,
    "count": 0,
    "updated": 0
  },
  {
    "id": "a1b9a003-4ef9-45dc-b0c7-74153391d44c",
    "data": [
      {
        "text": "Do you have a name?",
        "userDefined": false
      }
    ],
    "isTemplate": false,
    "count": 0,
    "updated": 0
  },
  {
    "id": "0cf92b72-5ed5-4315-8b4a-437282f04851",
    "data": [
      {
        "text": "what do you call yourself",
        "userDefined": false
      }
    ],
    "isTemplate": false,
    "count": 0,
    "updated": 0
  },
  {
    "id": "7c3a3acd-69ec-4b3c-9cd7-70c1b3898f0b",
    "data": [
      {
        "text": "Who are you?",
        "userDefined": false
      }
    ],
    "isTemplate": false,
    "count": 0,
    "updated": 0
  },
  {
    "id": "8188c9a5-7983-4e7d-ab5f-719e0572570c",
    "data": [
      {
        "text": "What is your name?",
        "userDefined": false
      }
    ],
    "isTemplate": false,
    "count": 0,
    "updated": 0
  }
]