[
  {
    "id": "fd03f074-87c8-4f2f-af1c-d36ebcfb7121",
    "data": [
      {
        "text": "what is your number",
        "userDefined": false
      }
    ],
    "isTemplate": false,
    "count": 0,
    "updated": 0
  },
  {
    "id": "c76c2958-aed5-4f66-96eb-8e5adc9b52c5",
    "data": [
      {
        "text": "how can I contact you",
        "userDefined": false
      }
    ],
    "isTemplate": false,
    "count": 0,
    "updated": 0
  },
  {
    "id": "ebc0bae4-20be-4204-86ee-58ba9b770aa5",
    "data": [
      {
        "text": "what is your mobile number?",
        "userDefined": false
      }
    ],
    "isTemplate": false,
    "count": 1,
    "updated": 0
  },
  {
    "id": "108df145-98bc-4e7f-b69d-3b758f48e4e3",
    "data": [
      {
        "text": "how can I get in-touch",
        "userDefined": false
      }
    ],
    "isTemplate": false,
    "count": 0,
    "updated": 0
  },
  {
    "id": "6eb0ce3e-3a73-40bd-a807-4cafe9effd9e",
    "data": [
      {
        "text": "can you tell me your contact details",
        "userDefined": false
      }
    ],
    "isTemplate": false,
    "count": 0,
    "updated": 0
  },
  {
    "id": "f981732b-6e93-40cc-8a42-db5263680450",
    "data": [
      {
        "text": "what is your contact number",
        "userDefined": false
      }
    ],
    "isTemplate": false,
    "count": 0,
    "updated": 0
  }
]