[
  {
    "id": "a307273f-c81d-433e-8f49-1fa978b6f72b",
    "data": [
      {
        "text": "I am interested in Agri-Business Management",
        "userDefined": false
      }
    ],
    "isTemplate": false,
    "count": 0,
    "updated": 0
  },
  {
    "id": "a2506ee6-8e19-4833-b7fc-9eb41c3e0b02",
    "data": [
      {
        "text": "Agri-Business Management",
        "userDefined": false
      }
    ],
    "isTemplate": false,
    "count": 0,
    "updated": 0
  },
  {
    "id": "eb30ab81-957d-4f4b-84cd-0868335b993a",
    "data": [
      {
        "text": "Can you tell me about Agri-Business Management",
        "userDefined": false
      }
    ],
    "isTemplate": false,
    "count": 0,
    "updated": 0
  }
]