[
  {
    "id": "f764649f-e003-4377-a545-efe529e46754",
    "data": [
      {
        "text": "Tell me about Financial Market",
        "userDefined": false
      }
    ],
    "isTemplate": false,
    "count": 0,
    "updated": 0
  },
  {
    "id": "850e9291-432c-4243-8101-234966e589f3",
    "data": [
      {
        "text": "I am interested in Financial Market",
        "userDefined": false
      }
    ],
    "isTemplate": false,
    "count": 0,
    "updated": 0
  },
  {
    "id": "3eacab90-0086-42fa-b6ff-53950c28969a",
    "data": [
      {
        "text": "Financial Market",
        "userDefined": false
      }
    ],
    "isTemplate": false,
    "count": 0,
    "updated": 0
  }
]