[
  {
    "id": "8c5b3973-1f73-4a3e-831d-f7bef7d74acc",
    "data": [
      {
        "text": "Details for Tourism Management",
        "userDefined": false
      }
    ],
    "isTemplate": false,
    "count": 0,
    "updated": 0
  },
  {
    "id": "2b0c1c5a-40f6-4098-8ccf-162b4895ba4a",
    "data": [
      {
        "text": "Tell me about Tourism Management",
        "userDefined": false
      }
    ],
    "isTemplate": false,
    "count": 0,
    "updated": 0
  },
  {
    "id": "ef91d680-2d8c-472b-9e41-1c1ef04639af",
    "data": [
      {
        "text": "I am interested in Tourism Management",
        "userDefined": false
      }
    ],
    "isTemplate": false,
    "count": 0,
    "updated": 0
  },
  {
    "id": "ae2c8e4d-c4ff-4723-82a5-f4bcffde8fba",
    "data": [
      {
        "text": "Tourism Management",
        "userDefined": false
      }
    ],
    "isTemplate": false,
    "count": 0,
    "updated": 0
  }
]