[
  {
    "id": "c2d2101f-5ee9-4268-8f46-c30cec38a344",
    "data": [
      {
        "text": "I am interested in the Masters Course",
        "userDefined": false
      }
    ],
    "isTemplate": false,
    "count": 0,
    "updated": 0
  },
  {
    "id": "77b65618-47e3-49f7-af4f-a1b5e66b36af",
    "data": [
      {
        "text": "I am interested in the Masters Degree Courses",
        "userDefined": false
      }
    ],
    "isTemplate": false,
    "count": 0,
    "updated": 0
  },
  {
    "id": "116a9b54-75b1-42d0-aef4-68c8430f8532",
    "data": [
      {
        "text": "Master Courses",
        "userDefined": false
      }
    ],
    "isTemplate": false,
    "count": 0,
    "updated": 0
  },
  {
    "id": "c304989d-4279-4018-9a77-721543b269ea",
    "data": [
      {
        "text": "Master Degree Courses",
        "userDefined": false
      }
    ],
    "isTemplate": false,
    "count": 0,
    "updated": 0
  },
  {
    "id": "30ccd499-76c3-4ca1-8ecf-724973d33974",
    "data": [
      {
        "text": "Tell me about the Master Degree Courses",
        "userDefined": false
      }
    ],
    "isTemplate": false,
    "count": 0,
    "updated": 0
  }
]