[
  {
    "id": "369a2c10-1f75-4054-a244-d5ff7884f7c3",
    "data": [
      {
        "text": "Tell me about Paint Technology",
        "userDefined": false
      }
    ],
    "isTemplate": false,
    "count": 0,
    "updated": 0
  },
  {
    "id": "193c5c1b-141e-4a03-b645-aa98f85adfec",
    "data": [
      {
        "text": "Paint",
        "userDefined": false
      }
    ],
    "isTemplate": false,
    "count": 0,
    "updated": 0
  },
  {
    "id": "7829db87-368b-4b33-a4b8-3326be31dd1e",
    "data": [
      {
        "text": "Paint Tech",
        "userDefined": false
      }
    ],
    "isTemplate": false,
    "count": 0,
    "updated": 0
  },
  {
    "id": "31946b19-6f76-474c-b4c3-02801dff09d2",
    "data": [
      {
        "text": "Paint Technology",
        "userDefined": false
      }
    ],
    "isTemplate": false,
    "count": 0,
    "updated": 0
  },
  {
    "id": "b3125d55-8578-4835-9a6f-851f8e2e785b",
    "data": [
      {
        "text": "I am interested in Paint Technology",
        "userDefined": false
      }
    ],
    "isTemplate": false,
    "count": 0,
    "updated": 0
  }
]