[
  {
    "id": "68c2224c-9176-44f5-9890-56ffd06a8006",
    "data": [
      {
        "text": "I am interested about Hospital Administration",
        "userDefined": false
      }
    ],
    "isTemplate": false,
    "count": 0,
    "updated": 0
  },
  {
    "id": "46d538d2-2b22-42c2-ab43-e2d7c24cba79",
    "data": [
      {
        "text": "tell me about the hospital admin",
        "userDefined": false
      }
    ],
    "isTemplate": false,
    "count": 0,
    "updated": 0
  },
  {
    "id": "693ce06a-3c87-44a2-a17f-2f41d5653766",
    "data": [
      {
        "text": "Hospital Administration",
        "userDefined": false
      }
    ],
    "isTemplate": false,
    "count": 0,
    "updated": 0
  },
  {
    "id": "27637236-65c7-43e6-931c-e94b5971e56d",
    "data": [
      {
        "text": "I am interested in Hospital Admin",
        "userDefined": false
      }
    ],
    "isTemplate": false,
    "count": 0,
    "updated": 0
  }
]