[
  {
    "id": "0ed26595-8bfe-4416-b7b8-ec5f08289b9a",
    "data": [
      {
        "text": "Practical Film Making",
        "userDefined": false
      }
    ],
    "isTemplate": false,
    "count": 0,
    "updated": 0
  },
  {
    "id": "6f5ec938-4e52-4ee2-bed0-d038891dc4be",
    "data": [
      {
        "text": "Film Making",
        "userDefined": false
      }
    ],
    "isTemplate": false,
    "count": 0,
    "updated": 0
  },
  {
    "id": "472ade67-fc16-4bb9-86bb-8f66206d5bfd",
    "data": [
      {
        "text": "Film Making Post Graduate Course",
        "userDefined": false
      }
    ],
    "isTemplate": false,
    "count": 1,
    "updated": 0
  },
  {
    "id": "22e60d8a-5ea9-4510-9e19-2531f8824411",
    "data": [
      {
        "text": "Tell me about the Practical Film Making Course",
        "userDefined": false
      }
    ],
    "isTemplate": false,
    "count": 0,
    "updated": 0
  }
]