[
  {
    "id": "9086ca7d-4a16-43da-85af-483d604ed7cb",
    "data": [
      {
        "text": "Jewellery Course",
        "userDefined": false
      }
    ],
    "isTemplate": false,
    "count": 0,
    "updated": 0
  },
  {
    "id": "021fe786-a186-4da4-9e37-c01ced1ac15a",
    "data": [
      {
        "text": "Jewellery Management Course",
        "userDefined": false
      }
    ],
    "isTemplate": false,
    "count": 0,
    "updated": 0
  },
  {
    "id": "2603766e-c28e-4977-b80b-837f68f36552",
    "data": [
      {
        "text": "Can you tell me about the Jewellery Management Course",
        "userDefined": false
      }
    ],
    "isTemplate": false,
    "count": 0,
    "updated": 0
  },
  {
    "id": "9d006357-91a9-4922-bc7f-92800ec4c6bf",
    "data": [
      {
        "text": "I am interested in Jewellery Management Course",
        "userDefined": false
      }
    ],
    "isTemplate": false,
    "count": 0,
    "updated": 0
  }
]