[
  {
    "id": "c53126ca-e78a-4dbe-aa25-516a39bd23e5",
    "data": [
      {
        "text": "I am interested in the IT Post Graduate Diploma Course",
        "userDefined": false
      }
    ],
    "isTemplate": false,
    "count": 0,
    "updated": 0
  },
  {
    "id": "a3c75d09-1f48-4481-a89c-b4f2d49e8bfa",
    "data": [
      {
        "text": "I am interested in the IT Post Graduate Course",
        "userDefined": false
      }
    ],
    "isTemplate": false,
    "count": 0,
    "updated": 0
  },
  {
    "id": "194fd731-404f-4e0e-ad60-a8b61311e986",
    "data": [
      {
        "text": "I am interested in the IT Course",
        "userDefined": false
      }
    ],
    "isTemplate": false,
    "count": 0,
    "updated": 0
  },
  {
    "id": "5f47b56f-f1a9-4a75-813f-d193dccb540d",
    "data": [
      {
        "text": "Tell me about the IT Course",
        "userDefined": false
      }
    ],
    "isTemplate": false,
    "count": 0,
    "updated": 0
  },
  {
    "id": "8fbf4b99-54c9-431f-b404-9c44f8076cf5",
    "data": [
      {
        "text": "IT",
        "userDefined": false
      }
    ],
    "isTemplate": false,
    "count": 0,
    "updated": 0
  }
]