[
  {
    "id": "1129f1ef-d0b0-41d7-8116-9182c4122448",
    "data": [
      {
        "text": "I am interested in the Interior Design Post Graduate Course",
        "userDefined": false
      }
    ],
    "isTemplate": false,
    "count": 0,
    "updated": 0
  },
  {
    "id": "e8372c07-4cfb-4ce6-ac06-383ed2ba3076",
    "data": [
      {
        "text": "Interior Design Post Graduate Course",
        "userDefined": false
      }
    ],
    "isTemplate": false,
    "count": 0,
    "updated": 0
  },
  {
    "id": "5825dc50-4377-43af-90b1-fd82f71e5a49",
    "data": [
      {
        "text": "Interior Design Course",
        "userDefined": false
      }
    ],
    "isTemplate": false,
    "count": 0,
    "updated": 0
  },
  {
    "id": "3befb68c-4af3-4fe3-8092-b70410fd2320",
    "data": [
      {
        "text": "Interior Design",
        "userDefined": false
      }
    ],
    "isTemplate": false,
    "count": 0,
    "updated": 0
  }
]