[
  {
    "id": "79c2ac1a-38b4-4c0a-a3b1-d2313d5b182b",
    "data": [
      {
        "text": "I am interested in Pharma Management",
        "userDefined": false
      }
    ],
    "isTemplate": false,
    "count": 0,
    "updated": 0
  },
  {
    "id": "2b3cdeb7-4a40-4337-b83a-4181da4f22fe",
    "data": [
      {
        "text": "I am interested in ",
        "userDefined": false
      },
      {
        "text": "Pharma",
        "meta": "@sys.ignore",
        "userDefined": true
      }
    ],
    "isTemplate": false,
    "count": 0,
    "updated": 0
  },
  {
    "id": "168dc4cb-bb71-4e2a-83a0-106e2e4ef28f",
    "data": [
      {
        "text": "Pharma Management",
        "userDefined": false
      }
    ],
    "isTemplate": false,
    "count": 0,
    "updated": 0
  },
  {
    "id": "14ec5e0d-70ed-4da9-81bc-acd6aa9ee660",
    "data": [
      {
        "text": "Pharma",
        "userDefined": false
      }
    ],
    "isTemplate": false,
    "count": 0,
    "updated": 0
  }
]