[
  {
    "id": "bf04804f-0ab5-4910-9606-b23dceabf0bc",
    "data": [
      {
        "text": "tell me about Event Management \u0026 PR",
        "userDefined": false
      }
    ],
    "isTemplate": false,
    "count": 0,
    "updated": 0
  },
  {
    "id": "40bf1135-677e-41e1-a00f-dcc020f1c89c",
    "data": [
      {
        "text": "I am interested in Event Management \u0026 PR",
        "userDefined": false
      }
    ],
    "isTemplate": false,
    "count": 0,
    "updated": 0
  },
  {
    "id": "46a7dfe0-c514-4ceb-95fe-f479c51f8f70",
    "data": [
      {
        "text": "PR",
        "userDefined": false
      }
    ],
    "isTemplate": false,
    "count": 0,
    "updated": 0
  },
  {
    "id": "e3053da0-918e-447b-a59e-5aa71a6768d9",
    "data": [
      {
        "text": "Event Management",
        "userDefined": false
      }
    ],
    "isTemplate": false,
    "count": 0,
    "updated": 0
  },
  {
    "id": "841aed1b-1e2b-4834-b926-c92ac46af4bc",
    "data": [
      {
        "text": "Event Management \u0026 PR",
        "userDefined": false
      }
    ],
    "isTemplate": false,
    "count": 0,
    "updated": 0
  }
]