[
  {
    "id": "363d91fe-bffd-4af6-a6e2-cb4f9f681086",
    "data": [
      {
        "text": "what are the details for Foreign Trade Management",
        "userDefined": false
      }
    ],
    "isTemplate": false,
    "count": 0,
    "updated": 0
  },
  {
    "id": "29a2b71e-c96a-4ec0-b919-014710fc90d1",
    "data": [
      {
        "text": "tell me about Foreign Trade Management",
        "userDefined": false
      }
    ],
    "isTemplate": false,
    "count": 0,
    "updated": 0
  },
  {
    "id": "4912ec0e-be37-445c-aae3-8a282581a2d8",
    "data": [
      {
        "text": "I am interested in Foreign Trade Management",
        "userDefined": false
      }
    ],
    "isTemplate": false,
    "count": 0,
    "updated": 0
  },
  {
    "id": "fb30b1ac-d25d-4729-97f7-a6980bb85d0d",
    "data": [
      {
        "text": "Foreign Trade Management",
        "userDefined": false
      }
    ],
    "isTemplate": false,
    "count": 0,
    "updated": 0
  }
]