[
  {
    "id": "5b83bbc8-0836-418c-a960-54dbe76424ef",
    "data": [
      {
        "text": "Tell me about Cartooning \u0026 Caricature",
        "userDefined": false
      }
    ],
    "isTemplate": false,
    "count": 0,
    "updated": 0
  },
  {
    "id": "64b9c05d-8a18-4202-94a5-d6bff85a82f1",
    "data": [
      {
        "text": "I am interested in Cartooning \u0026 Caricature",
        "userDefined": false
      }
    ],
    "isTemplate": false,
    "count": 0,
    "updated": 0
  },
  {
    "id": "4b533dda-23dd-428b-a930-026f34f3fc87",
    "data": [
      {
        "text": "Caricature",
        "userDefined": false
      }
    ],
    "isTemplate": false,
    "count": 0,
    "updated": 0
  },
  {
    "id": "13ed59f0-0654-46be-9eb8-cf8dd03ea659",
    "data": [
      {
        "text": "Cartooning",
        "userDefined": false
      }
    ],
    "isTemplate": false,
    "count": 0,
    "updated": 0
  },
  {
    "id": "7ce62869-aa9a-4b20-87eb-afd29753bcc4",
    "data": [
      {
        "text": "Cartooning \u0026 Caricature",
        "userDefined": false
      }
    ],
    "isTemplate": false,
    "count": 0,
    "updated": 0
  }
]