[
  {
    "id": "04dcfe4f-5806-4a16-9e08-d024bee915a1",
    "data": [
      {
        "text": "Tell me about Fitness Nutrition",
        "userDefined": false
      }
    ],
    "isTemplate": false,
    "count": 0,
    "updated": 0
  },
  {
    "id": "d3a6f62b-d886-42d8-8a47-ec3278a9743a",
    "data": [
      {
        "text": "I am interested in Fitness Nutrition",
        "userDefined": false
      }
    ],
    "isTemplate": false,
    "count": 0,
    "updated": 0
  },
  {
    "id": "9285eff3-d750-4956-83bb-f9c04e731417",
    "data": [
      {
        "text": "Nutrition",
        "userDefined": false
      }
    ],
    "isTemplate": false,
    "count": 0,
    "updated": 0
  },
  {
    "id": "76a7c9ae-c319-4ca4-920b-7ba883ea2c88",
    "data": [
      {
        "text": "Fitness",
        "userDefined": false
      }
    ],
    "isTemplate": false,
    "count": 0,
    "updated": 0
  },
  {
    "id": "1777854d-ea7a-490e-af63-77270a1ffbc6",
    "data": [
      {
        "text": "Fitness Nutrition",
        "userDefined": false
      }
    ],
    "isTemplate": false,
    "count": 0,
    "updated": 0
  }
]