[
  {
    "id": "8f0922c9-cc1a-43ac-bfc5-21572d5d6c2f",
    "data": [
      {
        "text": "Tell me about Tour Management",
        "userDefined": false
      }
    ],
    "isTemplate": false,
    "count": 0,
    "updated": 0
  },
  {
    "id": "5a78d285-df99-4c4b-aed4-3bc1506c3a82",
    "data": [
      {
        "text": "I am interested in Tour Management",
        "userDefined": false
      }
    ],
    "isTemplate": false,
    "count": 0,
    "updated": 0
  },
  {
    "id": "3537a433-464f-41a2-8dfc-f0f8fa537294",
    "data": [
      {
        "text": "Tour Management",
        "userDefined": false
      }
    ],
    "isTemplate": false,
    "count": 0,
    "updated": 0
  }
]