[
  {
    "id": "6bb5c9c2-f5eb-4886-95d0-e7c36c020b0b",
    "data": [
      {
        "text": "Under Grad",
        "userDefined": false
      }
    ],
    "isTemplate": false,
    "count": 0,
    "updated": 0
  },
  {
    "id": "7b3acd26-535e-435d-bcd7-0932c4ca1052",
    "data": [
      {
        "text": "Under Grad Courses",
        "userDefined": false
      }
    ],
    "isTemplate": false,
    "count": 0,
    "updated": 0
  },
  {
    "id": "4d695496-d14f-47b0-a155-eeabaa8f632f",
    "data": [
      {
        "text": "I am interested in Under Graduate Diploma Courses",
        "userDefined": false
      }
    ],
    "isTemplate": false,
    "count": 0,
    "updated": 0
  },
  {
    "id": "35ba70e7-447e-4bef-ab0a-9dcb8fa56a72",
    "data": [
      {
        "text": "Under Graduate Diploma Courses",
        "userDefined": false
      }
    ],
    "isTemplate": false,
    "count": 0,
    "updated": 0
  }
]