[
  {
    "id": "bc5e878b-f26a-4869-9a85-c3b105b7b343",
    "data": [
      {
        "text": "Courses available?",
        "userDefined": false
      }
    ],
    "isTemplate": false,
    "count": 0,
    "updated": 0
  },
  {
    "id": "0d6807ec-1816-4276-a7d4-857cad93b4b6",
    "data": [
      {
        "text": "Course Details?",
        "userDefined": false
      }
    ],
    "isTemplate": false,
    "count": 0,
    "updated": 0
  },
  {
    "id": "5919f273-ec2c-4b2a-966a-3a1455b01275",
    "data": [
      {
        "text": "What are the different types of courses you have?",
        "userDefined": false
      }
    ],
    "isTemplate": false,
    "count": 0,
    "updated": 0
  },
  {
    "id": "63520d06-8cc1-4b92-bc61-0014c16dd871",
    "data": [
      {
        "text": "what are the Types of Courses you offer?",
        "userDefined": false
      }
    ],
    "isTemplate": false,
    "count": 0,
    "updated": 0
  }
]